{"recette_BR_moy_mois": 34568.488461538436, "sejour_supp": -0.8333333333333334, "sejour_valo_supp": 0.0, "recette_BR_moy_jour": null}